Nombre,Direccion,Ciudad,Telefono,Supervisor
Cindy Jobe,959 East Meadowview Drive,Snoqualmie,(610) 362-5075,None
Alphonso Meeks,2621 Mountain Circle,Cahokia,(447) 684-3013,Helwig Hummel
Amrei Menger,Presque Isle,Newcastle upon Tyne,(790) 495-8216,Malcolm Coward
Armgard Gerngross,El Monte,Coventry,(594) 490-9628,Malcolm Coward
Barthel  Zenner,Oxford,York,(768) 693-9345,Malcolm Coward
Berengar Gering,Valdosta,Walsall,(977) 813-8110,Malcolm Coward
Bertrada Zabel,Monett,Middlesbrough,(564) 517-5025,Helwig Hummel
Bertram Herzog,609 Rose Hill Court,Winthrop Harbor,(153) 734-4222,Carley Valdez
Bud Grubbs,138 1st Drive,Mahtomedi,(649) 790-3129,Helwig Hummel
Carley Valdez,17 Bayview Lane,Big Spring,(821) 308-8608,Helwig Hummel
Catrin Niemann,Madera,Bolton,(552) 037-7186,Malcolm Coward
Clemendina Singer,Centralia,Wolverhampton,(826) 366-1014,Malcolm Coward
Conny Dippel,Burbank,Watford,(247) 811-3933,Malcolm Coward
Cordelia Key,2004 Mountain Dr,Philadelphia,(243) 459-7372,Carley Valdez
Corey Musgrove,1052 Deepwood Cir,Walnut Ridge,(533) 039-4249,Carley Valdez
Curtis Hutson,725 NW Waterview Way,Cathedral City,(442) 344-5339,Carley Valdez
Delcie Abney,502 New Highland Highway,Madisonville,(227) 049-9918,Carley Valdez
Elli Robertson,51 Stonewood Pkwy,Sheridan,(553) 638-6830,Carley Valdez
Falina Fischer,Aberdeen,Sheffield,(961) 069-2786,Malcolm Coward
Gayle Baugh,781 North Hunting Hill Ln,Lompoc,(438) 866-0472,Carley Valdez
Gertie Abel,1156 Town Avenue,North Richland Hills,(487) 479-9336,Carley Valdez
Hannfried Blume,Hampton,West Bromwich,(765) 713-9006,Malcolm Coward
Helwig Hummel,Kiryas Joel,Milton Keynes,(451) 929-8321,Cindy Jobe
Hemma Küchenmeister,West Bountiful,Liverpool,(868) 864-8718,Helwig Hummel
Hubert Waldrop,2147 Riverview Dr,Aberdeen,(995) 647-4714,Helwig Hummel
Jarod Bourgeois,894 Old Rock Hill Way,Williams,(384) 573-9515,Carley Valdez
Joko Adler,Hanover,Oxford,(260) 313-6443,Helwig Hummel
Josephine Norwood,81 Beachwood Lane,Lindale,(273) 600-9445,Carley Valdez
Kasey Furr,2961 Deepwood Dr,Arlington,(768) 693-9345,Carley Valdez
Korth Schiefer,Sherwood,Slough,(438) 866-0472,Malcolm Coward
Lenchen Zinger,Poteau,Bournemouth,(227) 049-9918,Malcolm Coward
Lizzie Krueger,3747 Sharp Hill Dr,Champlin,(864) 550-3567,Helwig Hummel
Lovis Kloz,Peekskill,Sunderland,(768) 048-0640,Malcolm Coward
Malcolm Coward,238 Pine Tree Dr,Park Ridge,(227) 049-9920,Cindy Jobe
Marc Pickering,222 Burwood Pkwy,Fair Haven,(875) 375-2382,Malcolm Coward
Melia Gates,75 Beachwood Way,San Angelo,(535) 013-0514,Helwig Hummel
Myles Angel,2008 Town Cir,Brenham,(857) 863-6779,Carley Valdez
Newton Graves,2747 W Hope Hwy,Star,(861) 866-2316,Carley Valdez
Oliva Coble,2274 E Lake Ct,Ringwood,(135) 721-2385,Carley Valdez
Pontianus Unger,Cleburne,Huddersfield,(812) 252-0427,Malcolm Coward
Reba Gregg,2008 3rd Ct,Valdosta,(845) 678-6842,Carley Valdez
Selinda Reinrhard,River Rouge,London,(730) 273-6683,Malcolm Coward
Shonda Leake,327 New Church St,Albion,(598) 443-5163,Helwig Hummel
Sonia Ackerman,3566 Old Hope Cir,Canal Fulton,(866) 682-6586,Helwig Hummel
Winnifred Brantley,1314 New Glenwood Hwy,Lincoln Park,(594) 490-9628,Carley Valdez
